Ys (Japan)-image.webp => Ys (Japan).webp
Yuyryeong-ui Jip (Korea) (Unl)-image.webp => Yuyryeong-ui Jip (Korea) (Unl).webp
Zaxxon 3-D (World)-image.webp => Zaxxon 3-D (World).webp
Zillion (Europe, Brazil) (Rev 2)-image.webp => Zillion (Europe, Brazil) (Rev 2).webp
Zillion II - The Tri Formation (World)-image.webp => Zillion II - The Tri Formation (World).webp
Zool - Ninja of the 'Nth' Dimension (Europe)-image.webp => Zool - Ninja of the 'Nth' Dimension (Europe).webp
94 Super World Cup Soccer (Korea) (Unl)-image.webp => 94 Super World Cup Soccer (Korea) (Unl).webp
Ace of Aces (Europe, Brazil)-image.webp => Ace of Aces (Europe, Brazil).webp
Action Fighter (USA, Europe, Brazil) (Rev 1)-image.webp => Action Fighter (USA, Europe, Brazil) (Rev 1).webp
Addams Family, The (Europe)-image.webp => Addams Family, The (Europe).webp
Aerial Assault (USA)-image.webp => Aerial Assault (USA).webp
After Burner (World)-image.webp => After Burner (World).webp
Air Rescue (Europe, Brazil)-image.webp => Air Rescue (Europe, Brazil).webp
Akai Koudan Zillion ~ Zillion (Japan, Europe) (En,Ja)-image.webp => Akai Koudan Zillion ~ Zillion (Japan, Europe) (En,Ja).webp
Aladdin (Europe, Brazil)-image.webp => Aladdin (Europe, Brazil).webp
Aleste (Japan)-image.webp => Aleste (Japan).webp
Alex Kidd - High-Tech World (USA, Europe, Brazil)-image.webp => Alex Kidd - High-Tech World (USA, Europe, Brazil).webp
Alex Kidd - The Lost Stars (World)-image.webp => Alex Kidd - The Lost Stars (World).webp
Alex Kidd in Miracle World (USA, Europe)-image.webp => Alex Kidd in Miracle World (USA, Europe).webp
Alex Kidd in Miracle World 2 (World) (Unl)-image.webp => Alex Kidd in Miracle World 2 (World) (Unl).webp
Alex Kidd in Shinobi World (USA, Europe, Brazil)-image.webp => Alex Kidd in Shinobi World (USA, Europe, Brazil).webp
Alf (USA)-image.webp => Alf (USA).webp
Alibaba and 40 Thieves (Korea) (Unl)-image.webp => Alibaba and 40 Thieves (Korea) (Unl).webp
Alien 3 (Europe, Brazil)-image.webp => Alien 3 (Europe, Brazil).webp
Alien Storm (Europe, Brazil)-image.webp => Alien Storm (Europe, Brazil).webp
Alien Syndrome (USA, Europe, Brazil)-image.webp => Alien Syndrome (USA, Europe, Brazil).webp
Altered Beast (USA, Europe, Brazil)-image.webp => Altered Beast (USA, Europe, Brazil).webp
American Baseball (Europe, Brazil)-image.webp => American Baseball (Europe, Brazil).webp
American Pro Football (Europe)-image.webp => American Pro Football (Europe).webp
Andre Agassi Tennis (Europe, Brazil)-image.webp => Andre Agassi Tennis (Europe, Brazil).webp
Arcade Smash Hits (Europe)-image.webp => Arcade Smash Hits (Europe).webp
Argos no Juujiken (Japan)-image.webp => Argos no Juujiken (Japan).webp
Ariel the Little Mermaid (Brazil)-image.webp => Ariel the Little Mermaid (Brazil).webp
Ashura (Japan)-image.webp => Ashura (Japan).webp
Assault City (Europe) (Joypad)-image.webp => Assault City (Europe) (Joypad).webp
Asterix (Europe, Brazil) (En,Fr)-image.webp => Asterix (Europe, Brazil) (En,Fr).webp
Asterix and the Great Rescue (Europe, Brazil) (En,Fr,De,Es,It)-image.webp => Asterix and the Great Rescue (Europe, Brazil) (En,Fr,De,Es,It).webp
Asterix and the Secret Mission (Europe, Brazil) (En,Fr,De)-image.webp => Asterix and the Secret Mission (Europe, Brazil) (En,Fr,De).webp
Astro Flash (Japan)-image.webp => Astro Flash (Japan).webp
Astro Warrior & Pit Pot (Europe)-image.webp => Astro Warrior & Pit Pot (Europe).webp
Astro Warrior (Japan, USA, Brazil)-image.webp => Astro Warrior (Japan, USA, Brazil).webp
Aventuras da TV Colosso, As (Brazil)-image.webp => Aventuras da TV Colosso, As (Brazil).webp
Ayrton Senna's Super Monaco GP II (Europe, Brazil)-image.webp => Ayrton Senna's Super Monaco GP II (Europe, Brazil).webp
Aztec Adventure ~ Nazca '88 - The Golden Road to Paradise (World)-image.webp => Aztec Adventure ~ Nazca '88 - The Golden Road to Paradise (World).webp
Back to the Future Part II (Europe, Brazil)-image.webp => Back to the Future Part II (Europe, Brazil).webp
Back to the Future Part III (Europe)-image.webp => Back to the Future Part III (Europe).webp
Baku Baku (Brazil)-image.webp => Baku Baku (Brazil).webp
Bank Panic (Europe, Brazil)-image.webp => Bank Panic (Europe, Brazil).webp
Basketball Nightmare (Europe, Brazil)-image.webp => Basketball Nightmare (Europe, Brazil).webp
Batman Returns (Europe, Brazil)-image.webp => Batman Returns (Europe, Brazil).webp
Battle Out Run (Europe, Brazil)-image.webp => Battle Out Run (Europe, Brazil).webp
Battlemaniacs (Brazil)-image.webp => Battlemaniacs (Brazil).webp
Black Belt (USA, Europe, Brazil)-image.webp => Black Belt (USA, Europe, Brazil).webp
Blade Eagle (World) (Beta)-image.webp => Blade Eagle (World) (Beta).webp
BMX Trial - Alex Kidd (Japan)-image.webp => BMX Trial - Alex Kidd (Japan).webp
Bobble Bobble (Korea) (Unl)-image.webp => Bobble Bobble (Korea) (Unl).webp
Bomber Raid (World)-image.webp => Bomber Raid (World).webp
Bonanza Bros. (Europe, Brazil)-image.webp => Bonanza Bros. (Europe, Brazil).webp
Bonkers Wax Up! (Brazil)-image.webp => Bonkers Wax Up! (Brazil).webp
Bram Stoker's Dracula (Europe)-image.webp => Bram Stoker's Dracula (Europe).webp
Bubble Bobble ~ Dragon Maze (Europe, Brazil)-image.webp => Bubble Bobble ~ Dragon Maze (Europe, Brazil).webp
Buggy Run (Europe, Brazil)-image.webp => Buggy Run (Europe, Brazil).webp
California Games ~ Jogos de Verao (USA, Europe, Brazil)-image.webp => California Games ~ Jogos de Verao (USA, Europe, Brazil).webp
California Games II (Europe)-image.webp => California Games II (Europe).webp
Captain Silver (Japan, Europe, Brazil)-image.webp => Captain Silver (Japan, Europe, Brazil).webp
Casino Games (USA, Europe)-image.webp => Casino Games (USA, Europe).webp
Castelo Ra-Tim-Bum (Brazil)-image.webp => Castelo Ra-Tim-Bum (Brazil).webp
Castle of Illusion Starring Mickey Mouse (USA, Europe, Brazil) (Rev 1)-image.webp => Castle of Illusion Starring Mickey Mouse (USA, Europe, Brazil) (Rev 1).webp
Champions of Europe (Europe)-image.webp => Champions of Europe (Europe).webp
Championship Hockey (Europe)-image.webp => Championship Hockey (Europe).webp
Chapolim x Dracula - Um Duelo Assustador (Brazil)-image.webp => Chapolim x Dracula - Um Duelo Assustador (Brazil).webp
Cheese Cat-astrophe Starring Speedy Gonzales (Europe, Brazil) (En,Fr,De,Es)-image.webp => Cheese Cat-astrophe Starring Speedy Gonzales (Europe, Brazil) (En,Fr,De,Es).webp
Choplifter (USA, Europe, Brazil)-image.webp => Choplifter (USA, Europe, Brazil).webp
Chouon Senshi Borgman (Japan)-image.webp => Chouon Senshi Borgman (Japan).webp
Chuck Rock (Europe, Brazil)-image.webp => Chuck Rock (Europe, Brazil).webp
Chuck Rock II - Son of Chuck (Europe)-image.webp => Chuck Rock II - Son of Chuck (Europe).webp
Circuit, The (Japan)-image.webp => Circuit, The (Japan).webp
Cloud Master (USA, Europe, Brazil)-image.webp => Cloud Master (USA, Europe, Brazil).webp
Color & Switch Test (Japan) (En) (Proto)-image.webp => Color & Switch Test (Japan) (En) (Proto).webp
Columns (USA, Europe, Brazil) (Beta)-image.webp => Columns (USA, Europe, Brazil) (Beta).webp
Columns ~ Shapes and Columns (USA, Europe, Brazil)-image.webp => Columns ~ Shapes and Columns (USA, Europe, Brazil).webp
Cool Spot (Europe)-image.webp => Cool Spot (Europe).webp
Cosmic Spacehead (Europe) (En,Fr,De,Es)-image.webp => Cosmic Spacehead (Europe) (En,Fr,De,Es).webp
Cyber Shinobi, The (Europe, Brazil)-image.webp => Cyber Shinobi, The (Europe, Brazil).webp
Cyborg Hunter (USA, Europe, Brazil)-image.webp => Cyborg Hunter (USA, Europe, Brazil).webp
Cyborg Z (Korea) (Unl)-image.webp => Cyborg Z (Korea) (Unl).webp
Daffy Duck in Hollywood (Europe, Brazil) (En,Fr,De,Es,It)-image.webp => Daffy Duck in Hollywood (Europe, Brazil) (En,Fr,De,Es,It).webp
Danan - The Jungle Fighter (Europe, Brazil)-image.webp => Danan - The Jungle Fighter (Europe, Brazil).webp
Dead Angle (USA, Europe, Brazil)-image.webp => Dead Angle (USA, Europe, Brazil).webp
Deep Duck Trouble Starring Donald Duck (Europe, Brazil)-image.webp => Deep Duck Trouble Starring Donald Duck (Europe, Brazil).webp
Desert Speedtrap Starring Road Runner and Wile E. Coyote (Europe, Brazil) (En,Fr,De,Es,It)-image.webp => Desert Speedtrap Starring Road Runner and Wile E. Coyote (Europe, Brazil) (En,Fr,De,Es,It).webp
Desert Strike (Europe) (En,Fr,De,Es)-image.webp => Desert Strike (Europe) (En,Fr,De,Es).webp
Dick Tracy (USA, Europe, Brazil)-image.webp => Dick Tracy (USA, Europe, Brazil).webp
Dinobasher Starring Bignose the Caveman (Europe) (Proto)-image.webp => Dinobasher Starring Bignose the Caveman (Europe) (Proto).webp
Dinosaur Dooley, The (Korea) (Unl)-image.webp => Dinosaur Dooley, The (Korea) (Unl).webp
Doki Doki Penguin Land - Uchuu Daibouken (Japan)-image.webp => Doki Doki Penguin Land - Uchuu Daibouken (Japan).webp
Double Dragon (World)-image.webp => Double Dragon (World).webp
Double Hawk (Europe)-image.webp => Double Hawk (Europe).webp
Dr. Robotnik's Mean Bean Machine (Europe, Brazil)-image.webp => Dr. Robotnik's Mean Bean Machine (Europe, Brazil).webp
Dragon - The Bruce Lee Story (Europe)-image.webp => Dragon - The Bruce Lee Story (Europe).webp
Dragon Crystal (Europe, Brazil)-image.webp => Dragon Crystal (Europe, Brazil).webp
Dynamite Duke (Europe, Brazil)-image.webp => Dynamite Duke (Europe, Brazil).webp
Dynamite Dux (Europe, Brazil)-image.webp => Dynamite Dux (Europe, Brazil).webp
Dynamite Headdy (Brazil)-image.webp => Dynamite Headdy (Brazil).webp
E.I. - Exa Innova (Korea) (Unl)-image.webp => E.I. - Exa Innova (Korea) (Unl).webp
Earthworm Jim (Brazil)-image.webp => Earthworm Jim (Brazil).webp
Ecco - The Tides of Time (Brazil)-image.webp => Ecco - The Tides of Time (Brazil).webp
Ecco the Dolphin (Europe, Brazil)-image.webp => Ecco the Dolphin (Europe, Brazil).webp
Enduro Racer ~ Super Cross (USA, Europe, Brazil)-image.webp => Enduro Racer ~ Super Cross (USA, Europe, Brazil).webp
E-SWAT (USA, Europe, Brazil)-image.webp => E-SWAT (USA, Europe, Brazil).webp
Excellent Dizzy Collection, The (Europe) (En,Fr,De,Es,It) (Proto)-image.webp => Excellent Dizzy Collection, The (Europe) (En,Fr,De,Es,It) (Proto).webp
F1 (Europe, Brazil)-image.webp => F1 (Europe, Brazil).webp
F-1 Spirit - The Way to Formula-1 (Korea) (Unl)-image.webp => F-1 Spirit - The Way to Formula-1 (Korea) (Unl).webp
F-16 Fighting Falcon ~ F-16 Fighter ~ F16 Falcon Fighter (USA, Europe, Brazil)-image.webp => F-16 Fighting Falcon ~ F-16 Fighter ~ F16 Falcon Fighter (USA, Europe, Brazil).webp
FA Tetris (Korea) (Unl)-image.webp => FA Tetris (Korea) (Unl).webp
Family Games (Japan)-image.webp => Family Games (Japan).webp
Fantastic Dizzy (Europe) (En,Fr,De,Es,It)-image.webp => Fantastic Dizzy (Europe) (En,Fr,De,Es,It).webp
Fantasy Zone (World) (Rev 1)-image.webp => Fantasy Zone (World) (Rev 1).webp
Fantasy Zone II (USA, Europe, Brazil)-image.webp => Fantasy Zone II (USA, Europe, Brazil).webp
Ferias Frustradas do Pica Pau (Brazil)-image.webp => Ferias Frustradas do Pica Pau (Brazil).webp
FIFA International Soccer (Brazil) (En,Es,Pt)-image.webp => FIFA International Soccer (Brazil) (En,Es,Pt).webp
Final Bubble Bobble (Japan)-image.webp => Final Bubble Bobble (Japan).webp
Fire & Forget II (Europe)-image.webp => Fire & Forget II (Europe).webp
Fire & Ice (Brazil)-image.webp => Fire & Ice (Brazil).webp
Flash, The (Europe, Brazil)-image.webp => Flash, The (Europe, Brazil).webp
Flintstones, The (Europe, Brazil)-image.webp => Flintstones, The (Europe, Brazil).webp
Forgotten Worlds (Europe, Brazil)-image.webp => Forgotten Worlds (Europe, Brazil).webp
Gain Ground (Europe, Brazil)-image.webp => Gain Ground (Europe, Brazil).webp
Galactic Protector (Japan)-image.webp => Galactic Protector (Japan).webp
Galaxian (Korea) (Unl)-image.webp => Galaxian (Korea) (Unl).webp
Galaxy Force (Europe, Brazil)-image.webp => Galaxy Force (Europe, Brazil).webp
Game Box Serie Esportes Radicais (Brazil)-image.webp => Game Box Serie Esportes Radicais (Brazil).webp
Gangcheol RoboCop (Korea) (Unl)-image.webp => Gangcheol RoboCop (Korea) (Unl).webp
Gangster Town (USA, Europe, Brazil)-image.webp => Gangster Town (USA, Europe, Brazil).webp
Gauntlet (Europe, Brazil)-image.webp => Gauntlet (Europe, Brazil).webp
George Foreman's KO Boxing (Europe, Brazil)-image.webp => George Foreman's KO Boxing (Europe, Brazil).webp
Geraldinho (Brazil)-image.webp => Geraldinho (Brazil).webp
Ghost House (USA, Europe, Brazil)-image.webp => Ghost House (USA, Europe, Brazil).webp
Ghostbusters (USA, Europe, Brazil)-image.webp => Ghostbusters (USA, Europe, Brazil).webp
Ghouls'n Ghosts (USA, Europe, Brazil)-image.webp => Ghouls'n Ghosts (USA, Europe, Brazil).webp
Global Defense (USA, Europe, Brazil)-image.webp => Global Defense (USA, Europe, Brazil).webp
Global Gladiators (Europe, Brazil)-image.webp => Global Gladiators (Europe, Brazil).webp
G-LOC Air Battle (Europe, Brazil)-image.webp => G-LOC Air Battle (Europe, Brazil).webp
Golden Axe (USA, Europe, Brazil)-image.webp => Golden Axe (USA, Europe, Brazil).webp
Golden Axe Warrior (USA, Europe, Brazil)-image.webp => Golden Axe Warrior (USA, Europe, Brazil).webp
Golfamania (Europe, Brazil)-image.webp => Golfamania (Europe, Brazil).webp
Golvellius - Valley of Doom (USA, Europe, Brazil)-image.webp => Golvellius - Valley of Doom (USA, Europe, Brazil).webp
GP Rider (Europe, Brazil)-image.webp => GP Rider (Europe, Brazil).webp
Great Baseball (USA, Europe)-image.webp => Great Baseball (USA, Europe).webp
Great Basketball (World)-image.webp => Great Basketball (World).webp
Great Football (World)-image.webp => Great Football (World).webp
Great Golf ~ Masters Golf (World)-image.webp => Great Golf ~ Masters Golf (World).webp
Great Ice Hockey (Japan, USA)-image.webp => Great Ice Hockey (Japan, USA).webp
Great Soccer (Europe)-image.webp => Great Soccer (Europe).webp
Great Tennis (Japan)-image.webp => Great Tennis (Japan).webp
Great Volleyball (USA, Europe, Brazil)-image.webp => Great Volleyball (USA, Europe, Brazil).webp
Gun.Smoke (Korea) (Unl)-image.webp => Gun.Smoke (Korea) (Unl).webp
Haja no Fuuin (Japan)-image.webp => Haja no Fuuin (Japan).webp
Hang On & Astro Warrior (USA)-image.webp => Hang On & Astro Warrior (USA).webp
Hang On & Safari Hunt (USA) (Beta)-image.webp => Hang On & Safari Hunt (USA) (Beta).webp
Hang On (Europe)-image.webp => Hang On (Europe).webp
Heavyweight Champ (Europe)-image.webp => Heavyweight Champ (Europe).webp
Heroes of the Lance (Europe, Brazil)-image.webp => Heroes of the Lance (Europe, Brazil).webp
High School! Kimengumi (Japan)-image.webp => High School! Kimengumi (Japan).webp
Hokuto no Ken (Japan)-image.webp => Hokuto no Ken (Japan).webp
Home Alone (Europe)-image.webp => Home Alone (Europe).webp
Hong Kil Dong (Korea) (Unl)-image.webp => Hong Kil Dong (Korea) (Unl).webp
Hook (Europe) (Proto)-image.webp => Hook (Europe) (Proto).webp
Hwarang-ui Geom (Korea) (Unl)-image.webp => Hwarang-ui Geom (Korea) (Unl).webp
Impossible Mission (Europe, Brazil)-image.webp => Impossible Mission (Europe, Brazil).webp
Incredible Crash Dummies, The (Europe, Brazil)-image.webp => Incredible Crash Dummies, The (Europe, Brazil).webp
Incredible Hulk, The (Europe, Brazil)-image.webp => Incredible Hulk, The (Europe, Brazil).webp
Indiana Jones and the Last Crusade (Europe, Brazil)-image.webp => Indiana Jones and the Last Crusade (Europe, Brazil).webp
James Bond 007 - The Duel (Europe)-image.webp => James Bond 007 - The Duel (Europe).webp
James 'Buster' Douglas Knockout Boxing (USA)-image.webp => James 'Buster' Douglas Knockout Boxing (USA).webp
James Pond 2 - Codename RoboCod (Europe, Brazil)-image.webp => James Pond 2 - Codename RoboCod (Europe, Brazil).webp
Janggun-ui Adeul (Korea) (Unl)-image.webp => Janggun-ui Adeul (Korea) (Unl).webp
Joe Montana Football (USA, Europe, Brazil)-image.webp => Joe Montana Football (USA, Europe, Brazil).webp
Jogos de Verao II (Brazil)-image.webp => Jogos de Verao II (Brazil).webp
Jungle Book, The (Europe, Brazil)-image.webp => Jungle Book, The (Europe, Brazil).webp
Jurassic Park (Europe, Brazil)-image.webp => Jurassic Park (Europe, Brazil).webp
Kenseiden (USA, Europe, Brazil)-image.webp => Kenseiden (USA, Europe, Brazil).webp
King & Balloon (Korea) (Unl)-image.webp => King & Balloon (Korea) (Unl).webp
King's Quest - Quest for the Crown (USA)-image.webp => King's Quest - Quest for the Crown (USA).webp
KLAX (Europe)-image.webp => KLAX (Europe).webp
Knightmare II - The Maze of Galious (Korea) (Unl)-image.webp => Knightmare II - The Maze of Galious (Korea) (Unl).webp
Krusty's Fun House (Europe, Brazil)-image.webp => Krusty's Fun House (Europe, Brazil).webp
Kujaku Ou (Japan)-image.webp => Kujaku Ou (Japan).webp
Kung Fu Kid (USA, Europe, Brazil)-image.webp => Kung Fu Kid (USA, Europe, Brazil).webp
Land of Illusion Starring Mickey Mouse (Europe, Brazil)-image.webp => Land of Illusion Starring Mickey Mouse (Europe, Brazil).webp
Laser Ghost (Europe)-image.webp => Laser Ghost (Europe).webp
Legend of Illusion Starring Mickey Mouse (Brazil)-image.webp => Legend of Illusion Starring Mickey Mouse (Brazil).webp
Lemmings (Europe, Brazil)-image.webp => Lemmings (Europe, Brazil).webp
Lemmings 2 - The Tribes (Europe) (Proto) (1995-09-04)-image.webp => Lemmings 2 - The Tribes (Europe) (Proto) (1995-09-04).webp
Line of Fire (Europe, Brazil)-image.webp => Line of Fire (Europe, Brazil).webp
Lion King, The (Europe, Brazil)-image.webp => Lion King, The (Europe, Brazil).webp
Lord of the Sword (USA, Europe, Brazil)-image.webp => Lord of the Sword (USA, Europe, Brazil).webp
Lucky Dime Caper Starring Donald Duck, The (Europe, Brazil)-image.webp => Lucky Dime Caper Starring Donald Duck, The (Europe, Brazil).webp
Makai Retsuden (Japan)-image.webp => Makai Retsuden (Japan).webp
Maou Golvellius (Japan)-image.webp => Maou Golvellius (Japan).webp
Marble Madness (Europe)-image.webp => Marble Madness (Europe).webp
Marksman Shooting & Trap Shooting & Safari Hunt (Europe)-image.webp => Marksman Shooting & Trap Shooting & Safari Hunt (Europe).webp
Masters of Combat (Europe, Brazil)-image.webp => Masters of Combat (Europe, Brazil).webp
Maze Hunter 3-D (USA, Europe, Brazil)-image.webp => Maze Hunter 3-D (USA, Europe, Brazil).webp
Mercs (Europe, Brazil)-image.webp => Mercs (Europe, Brazil).webp
Michael Jackson's Moonwalker (USA, Europe, Brazil)-image.webp => Michael Jackson's Moonwalker (USA, Europe, Brazil).webp
Mickey's Ultimate Challenge (Brazil)-image.webp => Mickey's Ultimate Challenge (Brazil).webp
Micro Machines (Europe)-image.webp => Micro Machines (Europe).webp
Micro Xevious, The (Korea) (Unl)-image.webp => Micro Xevious, The (Korea) (Unl).webp
Miracle Warriors - Seal of the Dark Lord (USA, Europe, Brazil)-image.webp => Miracle Warriors - Seal of the Dark Lord (USA, Europe, Brazil).webp
Missile Defense 3-D (USA, Europe, Brazil)-image.webp => Missile Defense 3-D (USA, Europe, Brazil).webp
Monica no Castelo do Dragao (Brazil)-image.webp => Monica no Castelo do Dragao (Brazil).webp
Monopoly (Europe)-image.webp => Monopoly (Europe).webp
Montezuma's Revenge featuring Panama Joe (USA)-image.webp => Montezuma's Revenge featuring Panama Joe (USA).webp
Mopiranger (Korea) (Unl)-image.webp => Mopiranger (Korea) (Unl).webp
Mortal Kombat (Europe, Brazil)-image.webp => Mortal Kombat (Europe, Brazil).webp
Mortal Kombat 3 (Brazil)-image.webp => Mortal Kombat 3 (Brazil).webp
Mortal Kombat II (Europe, Brazil)-image.webp => Mortal Kombat II (Europe, Brazil).webp
Ms. Pac-Man (Europe, Brazil)-image.webp => Ms. Pac-Man (Europe, Brazil).webp
My Hero (USA, Europe, Brazil)-image.webp => My Hero (USA, Europe, Brazil).webp
NBA Jam (Europe) (Proto)-image.webp => NBA Jam (Europe) (Proto).webp
New Boggle Boggle 2 (Korea) (Unl)-image.webp => New Boggle Boggle 2 (Korea) (Unl).webp
NewZealand Story, The (Europe)-image.webp => NewZealand Story, The (Europe).webp
Ninja (Japan)-image.webp => Ninja (Japan).webp
Ninja Gaiden (Europe, Brazil)-image.webp => Ninja Gaiden (Europe, Brazil).webp
Ninja, The (USA, Europe, Brazil)-image.webp => Ninja, The (USA, Europe, Brazil).webp
Olympic Gold (Europe) (En,Fr,De,Es,It,Nl,Pt,Sv)-image.webp => Olympic Gold (Europe) (En,Fr,De,Es,It,Nl,Pt,Sv).webp
Opa Opa (Japan)-image.webp => Opa Opa (Japan).webp
Operation Wolf (Europe, Brazil)-image.webp => Operation Wolf (Europe, Brazil).webp
Ottifants, The (Europe, Brazil) (En,Fr,De,Es,It)-image.webp => Ottifants, The (Europe, Brazil) (En,Fr,De,Es,It).webp
OutRun (World)-image.webp => OutRun (World).webp
OutRun Europa (Europe, Brazil)-image.webp => OutRun Europa (Europe, Brazil).webp
Pac-Mania (Europe)-image.webp => Pac-Mania (Europe).webp
Paperboy (Europe)-image.webp => Paperboy (Europe).webp
Parlour Games (USA, Europe)-image.webp => Parlour Games (USA, Europe).webp
Pat Riley Basketball (USA) (Proto)-image.webp => Pat Riley Basketball (USA) (Proto).webp
Penguin Land (USA, Europe)-image.webp => Penguin Land (USA, Europe).webp
PGA Tour Golf (Europe)-image.webp => PGA Tour Golf (Europe).webp
Phantasy Star (USA, Europe)-image.webp => Phantasy Star (USA, Europe).webp
Pit-Fighter (Europe)-image.webp => Pit-Fighter (Europe).webp
Pooyan (Korea) (Unl)-image.webp => Pooyan (Korea) (Unl).webp
Populous (Europe, Brazil)-image.webp => Populous (Europe, Brazil).webp
Poseidon Wars 3-D (USA, Europe, Brazil)-image.webp => Poseidon Wars 3-D (USA, Europe, Brazil).webp
Power Strike (USA, Europe, Brazil)-image.webp => Power Strike (USA, Europe, Brazil).webp
Power Strike II (Europe, Brazil)-image.webp => Power Strike II (Europe, Brazil).webp
Ppang Gongjang (Korea) (Unl)-image.webp => Ppang Gongjang (Korea) (Unl).webp
Predator 2 (Europe)-image.webp => Predator 2 (Europe).webp
Prince of Persia (Europe, Brazil)-image.webp => Prince of Persia (Europe, Brazil).webp
Pro Wrestling (USA, Europe, Brazil)-image.webp => Pro Wrestling (USA, Europe, Brazil).webp
Pro Yakyuu, The - Pennant Race (Japan)-image.webp => Pro Yakyuu, The - Pennant Race (Japan).webp
Psychic World (Europe, Brazil)-image.webp => Psychic World (Europe, Brazil).webp
Psycho Fox (USA, Europe, Brazil)-image.webp => Psycho Fox (USA, Europe, Brazil).webp
Putt & Putter ~ Minigolf (Europe, Brazil)-image.webp => Putt & Putter ~ Minigolf (Europe, Brazil).webp
Puzzle (Korea) (Unl)-image.webp => Puzzle (Korea) (Unl).webp
Quartet (USA, Europe)-image.webp => Quartet (USA, Europe).webp
Quest for the Shaven Yak Starring Ren Hoek & Stimpy (Brazil)-image.webp => Quest for the Shaven Yak Starring Ren Hoek & Stimpy (Brazil).webp
R.C. Grand Prix (USA, Europe, Brazil)-image.webp => R.C. Grand Prix (USA, Europe, Brazil).webp
Rainbow Islands (Europe)-image.webp => Rainbow Islands (Europe).webp
Rambo - First Blood Part II (USA)-image.webp => Rambo - First Blood Part II (USA).webp
Rambo III (USA, Europe, Brazil)-image.webp => Rambo III (USA, Europe, Brazil).webp
Rampage (USA, Europe, Brazil)-image.webp => Rampage (USA, Europe, Brazil).webp
Rampart (Europe)-image.webp => Rampart (Europe).webp
Rastan (USA, Europe, Brazil)-image.webp => Rastan (USA, Europe, Brazil).webp
Reggie Jackson Baseball (USA)-image.webp => Reggie Jackson Baseball (USA).webp
Renegade (Europe, Brazil)-image.webp => Renegade (Europe, Brazil).webp
Rescue Mission (USA, Europe, Brazil)-image.webp => Rescue Mission (USA, Europe, Brazil).webp
Road Fighter (Korea) (Unl)-image.webp => Road Fighter (Korea) (Unl).webp
Road Rash (Europe, Brazil)-image.webp => Road Rash (Europe, Brazil).webp
RoboCop 3 (Europe, Brazil)-image.webp => RoboCop 3 (Europe, Brazil).webp
RoboCop versus The Terminator (Europe, Brazil)-image.webp => RoboCop versus The Terminator (Europe, Brazil).webp
Rocky (World)-image.webp => Rocky (World).webp
R-Type (World)-image.webp => R-Type (World).webp
Running Battle (Europe, Brazil)-image.webp => Running Battle (Europe, Brazil).webp
Sagaia (Europe, Brazil)-image.webp => Sagaia (Europe, Brazil).webp
Sagak-ui Bimil (Korea) (Unl)-image.webp => Sagak-ui Bimil (Korea) (Unl).webp
Samgukji 3 (Korea) (Unl)-image.webp => Samgukji 3 (Korea) (Unl).webp
Scramble Spirits (Europe, Brazil)-image.webp => Scramble Spirits (Europe, Brazil).webp
SDI (Japan)-image.webp => SDI (Japan).webp
Secret Command (Europe)-image.webp => Secret Command (Europe).webp
Sega Chess (Europe, Brazil)-image.webp => Sega Chess (Europe, Brazil).webp
Sega World Tournament Golf (Europe, Brazil)-image.webp => Sega World Tournament Golf (Europe, Brazil).webp
Sensible Soccer (Europe)-image.webp => Sensible Soccer (Europe).webp
Shadow Dancer - The Secret of Shinobi ~ Shadow Dancer (Europe, Brazil)-image.webp => Shadow Dancer - The Secret of Shinobi ~ Shadow Dancer (Europe, Brazil).webp
Shadow of the Beast (Europe, Brazil)-image.webp => Shadow of the Beast (Europe, Brazil).webp
Shanghai (USA, Europe)-image.webp => Shanghai (USA, Europe).webp
Shinobi (USA, Europe, Brazil) (Rev 1)-image.webp => Shinobi (USA, Europe, Brazil) (Rev 1).webp
Shooting Gallery ~ Shooting G. (USA, Europe, Brazil)-image.webp => Shooting Gallery ~ Shooting G. (USA, Europe, Brazil).webp
Simpsons, The - Bart vs. the Space Mutants (Europe, Brazil)-image.webp => Simpsons, The - Bart vs. the Space Mutants (Europe, Brazil).webp
Simpsons, The - Bart vs. the World (Europe, Brazil)-image.webp => Simpsons, The - Bart vs. the World (Europe, Brazil).webp
Sitio do Picapau Amarelo (Brazil)-image.webp => Sitio do Picapau Amarelo (Brazil).webp
Sky Fighter (Korea) (Unl)-image.webp => Sky Fighter (Korea) (Unl).webp
Slap Shot (Europe)-image.webp => Slap Shot (Europe).webp
Smurfs, The (Europe, Brazil) (En,Fr,De,Es)-image.webp => Smurfs, The (Europe, Brazil) (En,Fr,De,Es).webp
Sonic Blast (Brazil)-image.webp => Sonic Blast (Brazil).webp
Sonic Chaos (Europe, Brazil)-image.webp => Sonic Chaos (Europe, Brazil).webp
Sonic Spinball (Europe, Brazil)-image.webp => Sonic Spinball (Europe, Brazil).webp
Sonic The Hedgehog (USA, Europe, Brazil)-image.webp => Sonic The Hedgehog (USA, Europe, Brazil).webp
Sonic The Hedgehog 2 (Europe, Brazil)-image.webp => Sonic The Hedgehog 2 (Europe, Brazil).webp
Sonic's Edusoft (Unknown) (Proto)-image.webp => Sonic's Edusoft (Unknown) (Proto).webp
Space Gun (Europe)-image.webp => Space Gun (Europe).webp
Space Harrier (Europe)-image.webp => Space Harrier (Europe).webp
Space Harrier 3-D ~ Space Harrier 3D (USA, Europe, Brazil)-image.webp => Space Harrier 3-D ~ Space Harrier 3D (USA, Europe, Brazil).webp
Special Criminal Investigation (Europe)-image.webp => Special Criminal Investigation (Europe).webp
Speedball (Europe)-image.webp => Speedball (Europe).webp
Speedball 2 (Europe)-image.webp => Speedball 2 (Europe).webp
SpellCaster (USA, Europe, Brazil)-image.webp => SpellCaster (USA, Europe, Brazil).webp
Spider-Man - Return of the Sinister Six (Europe, Brazil)-image.webp => Spider-Man - Return of the Sinister Six (Europe, Brazil).webp
Spider-Man (USA, Europe, Brazil)-image.webp => Spider-Man (USA, Europe, Brazil).webp
Sports Pad Football (USA)-image.webp => Sports Pad Football (USA).webp
Spy vs Spy (USA, Europe, Brazil)-image.webp => Spy vs Spy (USA, Europe, Brazil).webp
Star Wars (Europe, Brazil)-image.webp => Star Wars (Europe, Brazil).webp
Street Fighter II' (Brazil)-image.webp => Street Fighter II' (Brazil).webp
Street Master (Korea) (Unl)-image.webp => Street Master (Korea) (Unl).webp
Streets of Rage (Europe, Brazil)-image.webp => Streets of Rage (Europe, Brazil).webp
Streets of Rage II (Europe, Brazil)-image.webp => Streets of Rage II (Europe, Brazil).webp
Strider (USA, Europe, Brazil)-image.webp => Strider (USA, Europe, Brazil).webp
Strider II (Europe, Brazil)-image.webp => Strider II (Europe, Brazil).webp
Submarine Attack (Europe, Brazil)-image.webp => Submarine Attack (Europe, Brazil).webp
Suho Jeonsa (Korea) (Unl)-image.webp => Suho Jeonsa (Korea) (Unl).webp
Sukeban Deka II - Shoujo Tekkamen Densetsu (Japan)-image.webp => Sukeban Deka II - Shoujo Tekkamen Densetsu (Japan).webp
Summer Games ~ Jogos Olimpicos (Europe, Brazil)-image.webp => Summer Games ~ Jogos Olimpicos (Europe, Brazil).webp
Super Arkanoid (Korea) (Unl)-image.webp => Super Arkanoid (Korea) (Unl).webp
Super Bioman I (Korea) (Unl)-image.webp => Super Bioman I (Korea) (Unl).webp
Super Boy 4 (Korea) (Unl)-image.webp => Super Boy 4 (Korea) (Unl).webp
Super Boy I (Korea) (Unl)-image.webp => Super Boy I (Korea) (Unl).webp
Super Boy II (Korea) (Unl)-image.webp => Super Boy II (Korea) (Unl).webp
Super Boy III (Korea) (Unl)-image.webp => Super Boy III (Korea) (Unl).webp
Super Bubble Bobble (Korea) (Unl)-image.webp => Super Bubble Bobble (Korea) (Unl).webp
Super Columns & Tetris (Korea) (Unl)-image.webp => Super Columns & Tetris (Korea) (Unl).webp
Super Golf (Europe) (Beta)-image.webp => Super Golf (Europe) (Beta).webp
Super Kick Off (Europe, Brazil) (En,Fr,De,Es,It,Nl,Pt,Sv)-image.webp => Super Kick Off (Europe, Brazil) (En,Fr,De,Es,It,Nl,Pt,Sv).webp
Super Monaco GP (Europe, Brazil)-image.webp => Super Monaco GP (Europe, Brazil).webp
Super Off Road (Europe)-image.webp => Super Off Road (Europe).webp
Super Racing (Japan)-image.webp => Super Racing (Japan).webp
Super Smash T.V. (Europe)-image.webp => Super Smash T.V. (Europe).webp
Super Space Invaders (Europe)-image.webp => Super Space Invaders (Europe).webp
Super Tennis (USA, Europe)-image.webp => Super Tennis (USA, Europe).webp
Super Tetris (Korea) (Unl)-image.webp => Super Tetris (Korea) (Unl).webp
Superman - The Man of Steel (Europe, Brazil)-image.webp => Superman - The Man of Steel (Europe, Brazil).webp
T2 - The Arcade Game (Europe)-image.webp => T2 - The Arcade Game (Europe).webp
Taito Chase H.Q. (Europe)-image.webp => Taito Chase H.Q. (Europe).webp
Taz in Escape from Mars (Brazil)-image.webp => Taz in Escape from Mars (Brazil).webp
Taz-Mania (Europe, Brazil)-image.webp => Taz-Mania (Europe, Brazil).webp
Tecmo World Cup '93 (Europe)-image.webp => Tecmo World Cup '93 (Europe).webp
Teddy Boy (USA, Europe, Brazil)-image.webp => Teddy Boy (USA, Europe, Brazil).webp
Tennis Ace ~ Super Tennis (Europe, Brazil)-image.webp => Tennis Ace ~ Super Tennis (Europe, Brazil).webp
Tensai Bakabon (Japan)-image.webp => Tensai Bakabon (Japan).webp
Terminator 2 - Judgment Day (Europe)-image.webp => Terminator 2 - Judgment Day (Europe).webp
Terminator, The (Europe)-image.webp => Terminator, The (Europe).webp
Three Dragon Story, The (Korea) (Unl)-image.webp => Three Dragon Story, The (Korea) (Unl).webp
Thunder Blade (USA, Europe, Brazil)-image.webp => Thunder Blade (USA, Europe, Brazil).webp
Time Soldiers (USA, Europe, Brazil)-image.webp => Time Soldiers (USA, Europe, Brazil).webp
Tom and Jerry - The Movie (Europe, Brazil)-image.webp => Tom and Jerry - The Movie (Europe, Brazil).webp
Toto World 3 (Korea) (Unl)-image.webp => Toto World 3 (Korea) (Unl).webp
TransBot (USA, Europe, Brazil)-image.webp => TransBot (USA, Europe, Brazil).webp
Trivial Pursuit - Genus Edition (Europe) (En,Fr,De,Es)-image.webp => Trivial Pursuit - Genus Edition (Europe) (En,Fr,De,Es).webp
Ttoriui Moheom (Korea) (Unl)-image.webp => Ttoriui Moheom (Korea) (Unl).webp
Turma da Monica em O Resgate (Brazil)-image.webp => Turma da Monica em O Resgate (Brazil).webp
Ultima IV - Quest of the Avatar (Europe, Brazil)-image.webp => Ultima IV - Quest of the Avatar (Europe, Brazil).webp
Ultimate Soccer (Europe, Brazil) (En,Fr,De,Es,It)-image.webp => Ultimate Soccer (Europe, Brazil) (En,Fr,De,Es,It).webp
Vampire (Europe) (Beta)-image.webp => Vampire (Europe) (Beta).webp
Vigilante (USA, Europe, Brazil)-image.webp => Vigilante (USA, Europe, Brazil).webp
Virtua Fighter Animation (Brazil)-image.webp => Virtua Fighter Animation (Brazil).webp
Walter Payton Football (USA)-image.webp => Walter Payton Football (USA).webp
Wanted (USA, Europe, Brazil)-image.webp => Wanted (USA, Europe, Brazil).webp
Where in the World is Carmen Sandiego (USA)-image.webp => Where in the World is Carmen Sandiego (USA).webp
Wimbledon (Europe)-image.webp => Wimbledon (Europe).webp
Winter Olympics (Europe) (En,Fr,De,Es,It,Pt,Sv,No)-image.webp => Winter Olympics (Europe) (En,Fr,De,Es,It,Pt,Sv,No).webp
Wolfchild (Europe, Brazil)-image.webp => Wolfchild (Europe, Brazil).webp
Wonder Boy (USA, Europe, Brazil) (Rev 1)-image.webp => Wonder Boy (USA, Europe, Brazil) (Rev 1).webp
Wonder Boy III - The Dragon's Trap (USA, Europe)-image.webp => Wonder Boy III - The Dragon's Trap (USA, Europe).webp
Wonder Boy in Monster Land (USA, Europe)-image.webp => Wonder Boy in Monster Land (USA, Europe).webp
Wonder Boy in Monster World (Europe)-image.webp => Wonder Boy in Monster World (Europe).webp
Wonsiin (Korea) (Unl)-image.webp => Wonsiin (Korea) (Unl).webp
Woody Pop - Shinjinrui no Block Kuzushi (Japan)-image.webp => Woody Pop - Shinjinrui no Block Kuzushi (Japan).webp
World Class Leader Board (Europe, Brazil)-image.webp => World Class Leader Board (Europe, Brazil).webp
World Cup Italia '90 ~ Super Futebol II (Europe, Brazil)-image.webp => World Cup Italia '90 ~ Super Futebol II (Europe, Brazil).webp
World Cup USA 94 (Europe, Brazil) (En,Fr,De,Es,It,Nl,Pt,Sv)-image.webp => World Cup USA 94 (Europe, Brazil) (En,Fr,De,Es,It,Nl,Pt,Sv).webp
World Games (Europe, Brazil)-image.webp => World Games (Europe, Brazil).webp
World Grand Prix (Europe)-image.webp => World Grand Prix (Europe).webp
World Soccer ~ Great Soccer ~ Super Futebol (World)-image.webp => World Soccer ~ Great Soccer ~ Super Futebol (World).webp
WWF Wrestlemania - Steel Cage Challenge (Europe, Brazil)-image.webp => WWF Wrestlemania - Steel Cage Challenge (Europe, Brazil).webp
Xenon 2 - Megablast (Europe)-image.webp => Xenon 2 - Megablast (Europe).webp
X-Men - Mojo World (Brazil)-image.webp => X-Men - Mojo World (Brazil).webp
Xyzolog (Korea) (Unl)-image.webp => Xyzolog (Korea) (Unl).webp
Ys - The Vanished Omens ~ Y's (USA, Europe, Brazil)-image.webp => Ys - The Vanished Omens ~ Y's (USA, Europe, Brazil).webp